phase,valid_pairs,up_mean_ps,up_var_ps2,up_std_ps,down_mean_ps,down_var_ps2,down_std_ps
0,3000,3442.133333,172.073556,13.117681,3486.451000,145.099599,12.045729
1,3000,3425.267333,162.701866,12.755464,3470.178333,147.031197,12.125642
2,3000,3407.602667,166.858126,12.917358,3452.416000,149.738944,12.236787
3,3000,3393.896667,152.088656,12.332423,3439.053000,132.682858,11.518805
4,3000,3377.633667,152.044133,12.330618,3425.560333,136.147027,11.668206
5,3000,3364.103333,159.679322,12.636428,3413.706000,143.576231,11.982330
6,3000,3352.900000,141.532000,11.896722,3403.185667,119.966528,10.952923
7,3000,3338.623333,150.220789,12.256459,3379.205333,175.463838,13.246276
8,3000,3332.157000,150.494351,12.267614,3368.684000,194.164811,13.934303
9,3000,3316.962667,152.659273,12.355536,3351.288667,121.976672,11.044305
10,3000,3299.014667,190.626452,13.806754,3334.443667,175.834827,13.260272
11,3000,3279.770333,186.966920,13.673585,3314.914333,149.860995,12.241773
12,3000,3264.079667,210.690653,14.515187,3299.235333,171.074618,13.079550
13,3000,3250.939000,176.247279,13.275816,3285.300000,196.333333,14.011900
14,3000,3228.678000,178.350983,13.354811,3264.392000,70.039669,8.368971
15,3000,3214.940333,191.410107,13.835104,3251.368667,201.770085,14.204580
16,3000,3196.777333,179.794420,13.408744,3230.526333,133.187307,11.540681
17,3000,3175.118667,168.141918,12.966955,3209.807667,129.757341,11.391108
18,3000,3155.960000,132.481067,11.510042,3190.581333,140.830052,11.867184
19,3000,3141.871000,162.755026,12.757548,3173.526667,145.036622,12.043115
20,3000,3128.065667,174.826021,13.222179,3160.306000,138.161031,11.754192
21,3000,3097.316000,174.999477,13.228737,3130.559667,131.821773,11.481366
22,3000,3082.729000,149.691559,12.234850,3117.935000,115.214775,10.733815
23,3000,3065.911667,158.481197,12.588932,3103.115333,126.524698,11.248320
24,3000,3045.237000,154.618164,12.434555,3085.479667,127.030253,11.270770
25,3000,3027.684667,129.449898,11.377605,3068.499333,123.828000,11.127803
26,3000,3012.177333,133.642553,11.560387,3053.639000,120.099346,10.958985
27,3000,3000.738000,137.064689,11.707463,3041.147333,100.445626,10.022257
28,3000,2964.431667,150.666664,12.274635,3008.375667,106.509875,10.320362
29,3000,2950.579333,129.913040,11.397940,2995.641667,129.831931,11.394382
30,3000,2933.331667,140.064331,11.834878,2978.173000,111.769071,10.572089
31,3000,2914.611333,130.072938,11.404952,2959.853333,152.942489,12.366992
32,3000,2896.392333,125.918408,11.221337,2941.403667,96.729387,9.835110
33,3000,2881.714667,116.069918,10.773575,2926.716000,137.082677,11.708231
34,3000,2870.461333,145.263172,12.052517,2913.213333,117.601822,10.844437
35,3000,2841.728667,189.277045,13.757799,2888.265333,182.506932,13.509513
36,3000,2833.043000,188.009151,13.711643,2879.116000,168.035211,12.962840
37,3000,2816.829000,166.931759,12.920207,2863.654333,139.810181,11.824136
38,3000,2800.956667,167.321456,12.935279,2847.728000,180.552016,13.436965
39,3000,2785.440000,190.147733,13.789407,2831.949667,143.637800,11.984899
40,3000,2770.885667,177.548595,13.324736,2818.781000,157.564372,12.552465
41,3000,2759.406000,155.767831,12.480698,2807.495333,150.801312,12.280119
42,3000,2742.404333,150.992181,12.287888,2790.031333,156.743018,12.519705
43,3000,2729.854000,161.536017,12.709682,2776.101667,149.179997,12.213926
44,3000,2713.156667,170.990122,13.076319,2757.707000,257.887818,16.058886
45,3000,2693.707667,171.964875,13.113538,2737.883333,137.237056,11.714822
46,3000,2675.238667,164.499038,12.825718,2725.101333,154.064398,12.412268
47,3000,2660.523667,199.630773,14.129075,2708.433667,293.662267,17.136577
48,3000,2647.656667,183.069456,13.530316,2692.928000,200.888149,14.173502
49,3000,2619.901333,179.428932,13.395108,2658.564333,147.357195,12.139077
50,3000,2606.603667,175.325253,13.241044,2646.019333,161.066960,12.691216
51,3000,2589.282333,177.390621,13.318807,2629.224333,165.563341,12.867142
52,3000,2571.009333,158.368580,12.584458,2609.628667,177.094778,13.307696
53,3000,2554.990667,158.791246,12.601240,2593.539333,116.713786,10.803415
54,3000,2539.578333,168.825197,12.993275,2581.247333,153.782160,12.400893
55,3000,2527.707000,147.420484,12.141684,2568.669333,197.554660,14.055414
56,3000,2476.806333,418.646827,20.460861,2534.044667,132.084672,11.492810
57,3000,2461.434000,189.977644,13.783238,2521.244333,168.379301,12.976105
58,3000,2455.141667,8.062264,2.839413,2505.241333,153.114425,12.373941
59,3000,2451.424000,122.400224,11.063463,2486.398667,170.131065,13.043430
60,3000,2432.600333,432.808600,20.804052,2467.362333,147.249715,12.134649
61,3000,2409.128333,255.467197,15.983341,2451.344333,155.219101,12.458696
62,3000,2394.469667,192.523080,13.875269,2437.676333,156.712907,12.518503
63,3000,2378.077000,172.681071,13.140817,2413.061667,155.604531,12.474155
64,3000,2369.839000,165.401079,12.860835,2404.297333,127.036260,11.271036
65,3000,2354.297000,168.028124,12.962566,2387.176000,159.484357,12.628712
66,3000,2337.969000,141.464706,11.893894,2369.910000,133.652567,11.560820
67,3000,2321.434333,174.592355,13.213340,2352.214000,140.454204,11.851338
68,3000,2306.986667,163.783156,12.797779,2339.070667,133.699006,11.562829
69,3000,2293.488000,157.662523,12.556374,2326.728667,129.657045,11.386705
70,3000,2268.403667,197.078053,14.038449,2301.930667,130.059193,11.404350
71,3000,2252.522000,263.138849,16.221555,2287.515333,126.522432,11.248219
72,3000,2233.783000,161.484578,12.707658,2270.102000,137.390929,11.721388
73,3000,2221.279000,125.902492,11.220628,2250.134000,140.744711,11.863588
74,3000,2199.962333,292.958248,17.116023,2230.051000,151.225066,12.297360
75,3000,2181.994667,169.917972,13.035259,2215.011333,113.641872,10.660294
76,3000,2168.360333,164.501827,12.825827,2202.896333,153.262253,12.379913
77,3000,2138.232333,157.689021,12.557429,2173.731667,149.036997,12.208071
78,3000,2123.821333,154.097412,12.413598,2160.099333,123.286800,11.103459
79,3000,2106.320667,125.370506,11.196897,2142.843667,128.892560,11.353086
80,3000,2088.173667,157.786173,12.561297,2124.898333,116.575997,10.797037
81,3000,2069.415667,151.612888,12.313119,2108.505000,126.641975,11.253532
82,3000,2053.644333,162.988501,12.766695,2094.017000,154.964711,12.448482
83,3000,2041.405667,124.657768,11.165024,2082.724333,106.991008,10.343646
84,3000,2006.711000,121.654812,11.029724,2052.619333,119.405093,10.927264
85,3000,1993.552333,123.825261,11.127680,2038.707667,135.206208,11.627820
86,3000,1976.964000,138.352704,11.762343,2021.790333,123.741040,11.123895
87,3000,1958.209333,122.646180,11.074574,2002.860000,122.675733,11.075908
88,3000,1941.909667,116.768840,10.805963,1984.549000,126.791599,11.260178
89,3000,1927.720000,160.716267,12.677392,1969.102333,132.063861,11.491904
90,3000,1914.383333,175.173722,13.235321,1956.293667,148.106760,12.169912
91,3000,1885.263000,194.483831,13.945746,1929.805333,165.044772,12.846975
92,3000,1877.045000,190.039642,13.785487,1921.043000,158.072484,12.572688
93,3000,1860.147667,192.243861,13.865203,1904.468333,178.358997,13.355111
94,3000,1841.803000,200.052191,14.143981,1886.790333,170.124373,13.043173
95,3000,1825.822000,157.449649,12.547894,1870.933000,151.933844,12.326145
96,3000,1812.622333,165.463035,12.863244,1857.578333,156.739197,12.519553
97,3000,1801.856000,184.613264,13.587246,1846.316333,159.613600,12.633828
98,3000,1782.367667,152.632488,12.354452,1828.065667,176.389355,13.281165
99,3000,1769.591000,139.965052,11.830683,1812.964000,242.060704,15.558300
100,3000,1751.689000,185.728946,13.628241,1795.556000,149.310864,12.219282
101,3000,1730.782000,177.531143,13.324081,1780.871667,171.737197,13.104854
102,3000,1711.617000,179.582978,13.400857,1761.124667,274.545125,16.569403
103,3000,1696.913667,185.464880,13.618549,1743.867667,168.215488,12.969791
104,3000,1684.362000,209.994956,14.491203,1732.190000,134.279900,11.587920
105,3000,1652.829667,203.031987,14.248929,1698.481667,179.030997,13.380247
106,3000,1643.401667,82.720331,9.095072,1684.930333,166.462147,12.902021
107,3000,1632.308333,225.179931,15.005996,1669.427000,138.662671,11.775511
108,3000,1612.461000,246.823812,15.710627,1651.303000,217.794524,14.757863
109,3000,1594.393333,171.051956,13.078683,1627.724667,330.430192,18.177739
110,3000,1579.489333,176.731220,13.294029,1612.751000,136.818999,11.696965
111,3000,1567.762333,201.785848,14.205135,1607.284000,36.765344,6.063443
112,3000,1531.109667,138.720973,11.777987,1576.609000,282.552119,16.809287
113,3000,1519.765667,195.636755,13.987021,1561.812667,153.458906,12.387853
114,3000,1500.302333,175.287595,13.239622,1545.609333,137.482046,11.725274
115,3000,1480.898667,159.591065,12.632936,1526.354333,137.101448,11.709033
116,3000,1459.856333,207.680360,14.411119,1501.721667,160.482864,12.668183
117,3000,1443.896000,131.753184,11.478379,1482.758667,160.738425,12.678266
118,3000,1430.064333,202.448861,14.228453,1468.661333,143.271305,11.969599
119,3000,1412.300333,181.488800,13.471778,1447.100667,148.453866,12.184165
120,3000,1404.923000,164.907738,12.841641,1438.638667,163.282105,12.778189
121,3000,1387.663333,174.504656,13.210021,1421.073333,160.687956,12.676275
122,3000,1370.208333,177.696264,13.330276,1402.997000,157.372991,12.544839
123,3000,1352.545000,165.742642,12.874107,1385.308333,142.805264,11.950116
124,3000,1338.283333,171.200389,13.084357,1372.629667,145.260520,12.052407
125,3000,1326.688000,169.613323,13.023568,1362.261000,131.920879,11.485681
126,3000,1300.103000,154.139058,12.415275,1338.894333,143.787835,11.991157
127,3000,1287.553667,191.003787,13.820412,1324.719000,155.086706,12.453381
128,3000,1269.520000,145.577600,12.065554,1306.050333,126.118467,11.230248
129,3000,1252.869000,168.289839,12.972657,1286.216000,144.431344,12.017959
130,3000,1232.192333,183.667341,13.552392,1267.939667,124.582693,11.161662
131,3000,1216.060000,175.910400,13.263122,1251.446667,142.173156,11.923639
132,3000,1204.017000,140.134044,11.837823,1238.814000,123.056737,11.093094
133,3000,1173.969000,155.155372,12.456138,1210.269333,128.483460,11.335054
134,3000,1160.130333,138.112680,11.752135,1196.414667,138.313385,11.760671
135,3000,1142.040333,151.331373,12.301682,1181.164000,103.013771,10.149570
136,3000,1122.171000,125.171092,11.187989,1164.703000,129.125458,11.363338
137,3000,1104.061000,148.253946,12.175958,1148.561333,120.936905,10.997132
138,3000,1089.694000,105.293697,10.261272,1134.088667,130.967472,11.444102
139,3000,1078.827000,121.163738,11.007440,1121.905667,111.456768,10.557309
140,3000,1043.601333,123.183732,11.098817,1089.294333,123.531701,11.114482
141,3000,1030.589333,124.903353,11.176017,1075.328000,118.885749,10.903474
142,3000,1013.505667,137.919301,11.743905,1058.994000,121.045964,11.002089
143,3000,993.965667,124.619821,11.163325,1039.480333,131.269613,11.457295
144,3000,975.765667,131.346755,11.460661,1021.538333,133.120531,11.537787
145,3000,960.244000,141.613131,11.900132,1007.631667,114.544664,10.702554
146,3000,946.026000,133.191991,11.540883,994.401667,146.464331,12.102245
147,3000,918.261000,145.048212,12.043596,967.885333,161.186852,12.695938
148,3000,910.399333,122.094533,11.049639,959.183333,174.736389,13.218789
149,3000,897.533667,142.612867,11.942063,942.300333,173.291467,13.164022
150,3000,881.638000,186.017623,13.638828,925.329333,181.728206,13.480660
151,3000,865.977667,208.839835,14.451292,909.068667,170.265952,13.048600
152,3000,852.263667,195.845480,13.994480,895.773333,174.460622,13.208354
153,3000,840.224667,180.868858,13.448749,883.378667,183.498612,13.546166
154,3000,822.442000,194.679969,13.952776,864.997333,164.791993,12.837133
155,3000,808.152667,206.728693,14.378063,850.829667,171.744653,13.105138
156,3000,789.751667,203.468664,14.264244,833.194667,182.058772,13.492916
157,3000,769.564667,233.258485,15.272802,813.867667,172.743488,13.143192
158,3000,746.201667,385.924331,19.644957,797.449000,147.213399,12.133153
159,3000,730.490667,200.423246,14.157092,784.536667,133.601322,11.558604
160,3000,723.542667,35.190846,5.932187,773.820333,181.356053,13.466850
161,3000,705.775000,338.570375,18.400282,737.203000,185.407124,13.616428
162,3000,689.592333,328.971475,18.137571,722.730333,208.306947,14.432843
163,3000,671.066667,186.765556,13.666220,704.336667,237.781989,15.420181
164,3000,652.456000,208.496064,14.439393,688.341333,100.465492,10.023248
165,3000,635.023000,199.758471,14.133594,675.707333,179.349013,13.392125
166,3000,621.196000,175.571584,13.250343,659.322000,236.876983,15.390808
167,3000,608.804667,214.337845,14.640282,643.880333,206.368013,14.365515
168,3000,569.377333,200.032286,14.143277,604.841667,215.169931,14.668672
169,3000,556.563667,226.861947,15.061937,593.994000,98.134631,9.906292
170,3000,537.290000,187.015900,13.675376,582.443667,196.891493,14.031803
171,3000,517.591000,198.757719,14.098146,561.113000,197.370231,14.048852
172,3000,497.998333,209.530331,14.475163,541.792000,146.644736,12.109696
173,3000,484.521667,104.324197,10.213922,526.182333,147.175088,12.131574
174,3000,474.419667,175.842880,13.260576,513.256333,142.559293,11.939820
175,3000,458.858667,263.292692,16.226296,488.044333,178.806368,13.371850
176,3000,449.998667,271.565998,16.479260,478.408333,152.942264,12.366983
177,3000,430.119333,292.943760,17.115600,461.551000,152.787399,12.360720
178,3000,413.126667,122.869289,11.084642,443.970000,163.104433,12.771235
179,3000,402.187000,161.554031,12.710391,426.502000,161.229996,12.697637
180,3000,387.223000,285.549271,16.898203,412.316333,137.055600,11.707075
181,3000,371.860667,223.850586,14.961637,401.382000,142.792076,11.949564
182,3000,345.305667,167.907568,12.957915,376.451667,148.176331,12.172770
183,3000,332.308333,168.897931,12.996074,362.325000,148.542708,12.187810
184,3000,315.561333,149.879572,12.242531,344.568333,138.271331,11.758883
185,3000,295.501000,156.329999,12.503200,325.000333,138.319000,11.760910
186,3000,275.147333,168.270960,12.971930,304.925000,155.234708,12.459322
187,3000,260.075667,150.953941,12.286331,288.074000,126.904524,11.265191
188,3000,247.716667,156.395722,12.505828,276.024667,149.776058,12.238303
189,3000,218.189333,163.522820,12.787604,246.983333,150.394389,12.263539
190,3000,204.506333,163.273960,12.777870,233.783000,136.839244,11.697831
191,3000,186.583000,161.979111,12.727101,218.976667,132.081456,11.492670
192,3000,166.926333,172.452907,13.132133,200.848333,147.224664,12.133617
193,3000,148.860667,165.489253,12.864263,184.431667,122.162664,11.052722
194,3000,133.066333,169.430600,13.016551,170.124667,133.130458,11.538217
195,3000,121.210667,176.395620,13.281401,158.177000,140.491671,11.852918
196,3000,86.009000,162.732252,12.756655,125.914000,159.108604,12.613826
197,3000,72.222000,145.956716,12.081255,111.805667,134.987901,11.618429
198,3000,55.555000,159.618308,12.634014,95.983333,133.205056,11.541449
199,3000,36.732667,139.624533,11.816283,76.962333,137.222248,11.714190
200,3000,202.269333,666082.456793,816.138748,58.948333,134.723664,11.607052
201,3000,1634.243000,3575353.185284,1890.860435,42.712000,134.871723,11.613429
202,3000,3180.991333,2063777.494592,1436.585359,31.414000,4958.672604,70.417843
203,3000,3805.459667,206.489040,14.369727,1353.005000,3332959.200308,1825.639395
204,3000,3796.716000,189.680011,13.772437,2664.022667,3104914.289486,1762.076698
205,3000,3781.605333,182.746238,13.518367,3777.195667,177533.388048,421.347111
206,3000,3763.995333,180.376645,13.430437,3808.775000,155.082375,12.453207
207,3000,3748.304000,195.566251,13.984500,3792.999000,167.558332,12.944432
208,3000,3733.549000,195.644932,13.987313,3778.468667,171.487018,13.095305
209,3000,3722.614333,150.223595,12.256574,3766.242000,186.000769,13.638210
210,3000,3705.408000,183.786203,13.556777,3745.444000,218.566864,14.784007
211,3000,3691.383667,195.570467,13.984651,3732.201333,137.669465,11.733263
212,3000,3672.089667,223.370960,14.945600,3716.546000,192.771884,13.884231
213,3000,3649.197667,239.740595,15.483559,3696.610333,185.403827,13.616307
214,3000,3627.411667,258.579531,16.080408,3679.368000,151.096576,12.292135
215,3000,3615.125667,93.362541,9.662429,3664.460667,158.749120,12.599568
216,3000,3609.111333,111.047605,10.537913,3652.924667,179.282992,13.389660
217,3000,3581.290667,303.359513,17.417219,3617.848667,129.210432,11.367077
218,3000,3566.545333,184.357945,13.577848,3605.902333,141.218128,11.883523
219,3000,3549.606333,166.569360,12.906175,3590.304667,178.953845,13.377363
220,3000,3531.037333,150.136606,12.253024,3571.214667,158.767918,12.600314
221,3000,3513.373000,172.844538,13.147035,3552.193333,159.114622,12.614064
222,3000,3497.871000,159.781026,12.640452,3536.637667,130.542381,11.425514
223,3000,3484.774000,175.288924,13.239672,3524.527333,155.053920,12.452065
224,3000,3439.100000,177.142000,13.309470,3483.721667,156.458864,12.508352
